Move to location (11, 8) and remove the toolkit.;"Supervisor:
Next: Robot_selector
response: Selecting a robot capable of moving to the specified location and removing the toolkit.
---
Robot Selector:
Thought process:
- Identified that the task involves removing a toolkit, which requires a gripper tool.
- Used the robot_selection_tool function to find the most suitable robot with a gripper tool property near the specified location (11, 8).

Results:
- Robot32 has been selected as the best suited to remove the toolkit at location (11, 8).
---
Supervisor:
Next: Controller
response: Robot32 has been selected and now the Controller needs to command it to move to location (11, 8) and remove the toolkit.
---
Controller:
Thought process:
- Received instructions to move a robot to a specific location and remove an item.
- Selected Robot32 based on its gripper tool property, which is suitable for removing items.
- Moved Robot32 to the specified location (11, 8).
- Used Robot32 to grab/remove the toolkit at the location.
- Set Robot32's status to idle after completing the task.

Results:
- Robot32 successfully moved to location (11, 8).
- Robot32 removed the toolkit as instructed.
- Robot32's status is now set to idle.
---
Supervisor:
Next: FINISH
response: Robot32;gripper;toolkit;(11, 8)
---
"
Move to location (7, 5) and remove the liquid spill.;"Supervisor:
Next: Robot_selector
response: Select a robot capable of moving to the specified location and cleaning up a liquid spill.
---
Robot Selector:
Thought process:
- Identified the task required a robot with a mop to clean up a liquid spill.
- Used the robot selection tool to find the most suitable robot with a mop tool property for the given location.

Results:
- Robot6 has been selected as the best suited to remove the liquid spill at location (7, 5).
---
Supervisor:
Next: Controller
response: The Controller needs to command Robot6 to move to location (7, 5) and remove the liquid spill using its mop tool.
---
Controller:
Thought process:
- Determined that the task required a robot with a cleaning tool, specifically a mop, to address a liquid spill.
- Selected Robot6, which is equipped with a mop, to perform the task.
- Moved Robot6 to the specified location (7, 5).
- Instructed Robot6 to remove the liquid spill.
- Set Robot6's status to idle after completing the task.

Results:
- Robot6 successfully moved to location (7, 5).
- Robot6 removed the liquid spill at the location.
- Robot6's status is now idle.
---
Supervisor:
Next: FINISH
response: Robot6;mop;liquid spill;(7, 5)
---
"
Move to location (8, 6) and remove the large debris.;"Supervisor:
Next: Robot_selector
response: Select a robot capable of moving to location (8, 6) and removing large debris.
---
Robot Selector:
Thought process:
- Identified the task as removing large debris.
- Selected the gripper tool as the appropriate tool for handling large debris.
- Used the robot selection tool function to find the most suitable robot with a gripper tool near the specified location (8, 6).

Results:
- Robot42 has been selected as the best suited to solve the task of removing large debris at location (8, 6).
---
Supervisor:
Next: Controller
response: Robot42 has been selected and now the Controller needs to command Robot42 to move to location (8, 6) and remove the large debris.
---
Controller:
Thought process:
- Received the task to move to location (8, 6) and remove large debris.
- Selected Robot42 based on its gripper tool, which is suitable for handling large debris.
- Moved Robot42 to the specified location.
- Used Robot42 to grab/remove the large debris.
- Set Robot42's status to idle after completing the task.

Results:
- Robot42 successfully moved to location (8, 6).
- Robot42 removed the large debris at the location.
- Robot42 is now idle and ready for the next task.
---
Supervisor:
Next: FINISH
response: Robot42;gripper;large debris;(8, 6)
---
"
Move to location (2, 4) and remove the dust.;"Supervisor:
Next: Robot_selector
response: Select a robot capable of moving to the specified location and removing dust.
---
Robot Selector:
Thought process:
- Identified the task as dust removal.
- Selected a vacuum as the appropriate tool for dust removal.
- Used the robot selection tool to find the best-suited robot with a vacuum near the specified location.

Results:
- Robot50 is the best-suited robot to remove the dust at location (2, 4).
---
Supervisor:
Next: Controller
response: The Robot_selector has identified Robot50 with a vacuum as the best-suited robot for the task. The Controller will now command Robot50 to move to location (2, 4) and remove the dust.
---
Controller:
Thought process:
- Received a task to move to a location and remove dust.
- Selected Robot50, which is equipped with a vacuum, to perform the task.
- Moved Robot50 to the specified location (2, 4).
- Used Robot50 to grab/remove the dust at the location.
- Set Robot50's status to idle after completing the task.

Results:
- Robot50 successfully moved to location (2, 4).
- Robot50 removed the dust at the location.
- Robot50's status is now set to idle.
---
Supervisor:
Next: FINISH
response: Robot50;vacuum;dust;(2, 4)
---
"
Move to location (5, 2) and remove the grass.;"Supervisor:
Next: Robot_selector
response: Selecting a robot capable of moving to the specified location and removing grass.
---
Robot Selector:
Thought process:
- Identified the task as grass removal, which requires a lawnmower tool.
- Used the robot_selection_tool function to find the most suitable robot with a lawnmower near the specified location (5, 2).

Results:
- Robot41 has been selected as the best suited to remove the grass at location (5, 2).
---
Supervisor:
Next: Controller
response: Robot41 has been selected and now the Controller must command it to move to the location and perform the grass removal task.
---
Controller:
Thought process:
- Received a task to move to a location and remove grass.
- Identified that a robot with a lawnmower tool is needed for grass removal.
- Moved the selected robot, Robot41, to the specified location (5, 2).
- Commanded Robot41 to remove the grass.
- Set Robot41's status to idle after completing the task.

Results:
- Robot41 successfully moved to location (5, 2).
- Grass at the location has been removed.
- Robot41's status is now idle.
---
Supervisor:
Next: FINISH
response: Robot41;lawnmower;grass;(5, 2)
---
"
Move to location (6, 7) and remove the small debris.;"Supervisor:
Next: Robot_selector
response: Select a robot capable of moving to location (6, 7) and removing small debris.
---
Robot Selector:
Thought process:
- Identified the task as removing small debris.
- Selected ""vacuum"" as the appropriate tool property for removing small debris.
- Used the robot selection tool to find the best-suited robot with a vacuum near the specified location (6, 7).

Results:
- Robot50, equipped with a vacuum, is the best-suited robot to remove the small debris at location (6, 7).
---
Supervisor:
Next: Controller
response: Robot50 has been selected to perform the task. The Controller will now command Robot50 to move to location (6, 7) and remove the small debris.
---
Controller:
Thought process:
- Received the task to move to location (6, 7) and remove small debris.
- Selected Robot50, which is equipped with a vacuum, as the appropriate robot for debris removal.
- Moved Robot50 to the specified location.
- Used Robot50 to grab/remove the small debris.
- Set Robot50's status to idle after completing the task.

Results:
- Robot50 successfully moved to location (6, 7).
- Robot50 removed the small debris at the location.
- Robot50's status is now set to idle.
---
Supervisor:
Next: FINISH
response: Robot50;vacuum;small debris;(6, 7)
---
"
Move to location (3, 6) and remove the vehicle.;"Supervisor:
Next: Robot_selector
response: Select a robot capable of moving to location (3, 6) and removing a vehicle.
---
Robot Selector:
Thought process:
- Identified the task as vehicle removal, which requires a tow hook.
- Used the robot selection tool to find the most suitable robot with a tow hook for the given location.

Results:
- Robot13 has been selected as the best suited to solve the task of removing the vehicle at location (3, 6).
---
Supervisor:
Next: Controller
response: Robot13 has been selected and now the Controller needs to manage the robot's operation to move to location (3, 6) and remove the vehicle.
---
Controller:
Thought process:
- Received instructions to move a robot to a specific location and remove a vehicle.
- Selected Robot13 based on its tow hook tool, which is suitable for vehicle removal.
- Used the move_robot function to position Robot13 at the coordinates (3, 6).
- After moving, used the grab_or_remove_item function to remove the vehicle.
- Set Robot13's status to idle using the robot_status_change function to indicate task completion.

Results:
- Robot13 was successfully moved to location (3, 6).
- The vehicle at the location was removed by Robot13.
- Robot13's status is now set to idle.
---
Supervisor:
Next: FINISH
response: Robot13;tow hook;vehicle;(3, 6)
---
"
Move to location (6, 6) and remove the construction materials.;"Supervisor:
Next: Robot_selector
response: Select a robot capable of moving to location (6, 6) and removing construction materials.
---
Robot Selector:
Thought process:
- Identified the task as removing construction materials.
- Selected the gripper tool property as it is suitable for handling construction materials.
- Used the robot selection tool to find the most suitable robot with a gripper near the specified location.

Results:
- Robot2 has been selected to move to location (6, 6) and remove the construction materials using its gripper tool.
---
Supervisor:
Next: Controller
response: Robot2 has been selected and needs to be controlled to move to the location and perform the task.
---
Controller:
Thought process:
- Received the task to move to location (6, 6) and remove construction materials.
- Selected Robot2 based on its gripper tool, which is suitable for handling construction materials.
- Used the move_robot function to move Robot2 to the specified location.
- Used the grab_or_remove_item function to remove the construction materials.
- Set Robot2's status to idle after completing the task using the robot_status_change function.

Results:
- Robot2 successfully moved to location (6, 6).
- Robot2 removed the construction materials.
- Robot2's status is now set to idle.
---
Supervisor:
Next: FINISH
response: Robot2;gripper;construction materials;(6, 6)
---
"
Move to location (3, 9) and remove the tree branches.;"Supervisor:
Next: Robot_selector
response: Select a robot capable of moving to the specified location and removing tree branches.
---
Robot Selector:
Thought process:
- Identified the task as removing tree branches, which requires a saw tool.
- Used the robot_selection_tool function to find the best-suited robot with a saw tool for the given location.

Results:
- Robot14 has been selected as the best-suited robot to remove the tree branches at location (3, 9).
---
Supervisor:
Next: Controller
response: Robot14 has been selected to perform the task. The Controller will now command Robot14 to move to location (3, 9) and remove the tree branches.
---
Controller:
Thought process:
- Identified the task as moving to a location and removing tree branches.
- Selected Robot14, which has a saw tool, to perform the task.
- Moved Robot14 to the specified location (3, 9).
- Used Robot14 to grab/remove the tree branches.
- Set Robot14's status to idle after completing the task.

Results:
- Robot14 was successfully moved to location (3, 9).
- Tree branches at the location were removed by Robot14.
- Robot14's status is now idle.
---
Supervisor:
Next: FINISH
response: Robot14;saw;tree branches;(3, 9)
---
"
Move to location (6, 6) and remove the screws.;"Supervisor:
Next: Robot_selector
response: Selecting a robot capable of moving to the specified location and removing screws.
---
Robot Selector:
Thought process:
- Identified the task required the use of a screwdriver.
- Used the robot selection tool to find the best-suited robot with a screwdriver near the location (6, 6).

Results:
- Robot15 has been selected as it is the best suited to remove the screws at the specified location.
---
Supervisor:
Next: Controller
response: Robot15 has been selected and now the Controller needs to command it to move to location (6, 6) and remove the screws.
---
Controller:
Thought process:
- Received a task to move to a location and remove screws.
- Selected Robot15 based on the robot selection tool's recommendation.
- Moved Robot15 to the specified location (6, 6).
- Used Robot15 to grab/remove the screws.
- Set Robot15's status to idle after completing the task.

Results:
- Robot15 successfully moved to location (6, 6).
- Robot15 removed the screws as instructed.
- Robot15's status is now idle.
---
Supervisor:
Next: FINISH
response: Robot15;screwdriver;screws;(6, 6)
---
"
